MAE,RMSE,R^2,Best Alpha,Best L1 Ratio
3.0301105414116365,6.129711022842345,0.3453287319475049,0.1,0.9
