MAE,RMSE,R²,Best Alpha,Best L1 Ratio
1.7468892348069673,3.902921709375185,0.7452559573929735,0.1,0.9
