MAE,RMSE,R^2,Best Alpha,Best L1 Ratio
3.0380867248969703,6.133966287297936,0.3444194459677855,0.1,0.9
