Dataset,MAE,RMSE,R²,Best Params
Graph,1.4803875363896772,2.915688933908263,0.9310295646252926,"{'reg_type': 'lasso', 'alpha': 0.9095964520736044}"
