Dataset,MAE,RMSE,R²,Best Params
Base,0.10193955790063264,0.19641623585498147,0.9994576604413311,"{'reg_type': 'lasso', 'alpha': 0.10710528262174739}"
