MAE,RMSE,R²
2.8664672995860054,5.958808392776734,0.43154470140920553
