Dataset,MAE,RMSE,R²
Base,1.4044451264796494,2.7504619441973626,0.8840686097192868
