Dataset,MAE,RMSE,R²
Base,2.894840470619625,6.019380691978342,0.41992907325448425
