Dataset,MAE,RMSE,R²
Graph,2.801573714573754,5.930868453903635,0.4368630032230809
