Dataset,MAE,RMSE,R²
Graph,1.3822642409083756,2.7841999304530787,0.8809513611951906
