MAE,RMSE,R²
1.3548166933737302,2.631990085964828,0.8938406473730451
