Percentile,Prediction
0.1,2.951838
0.5,2.9518368
0.9,2.9518435
