RMSE,MAE,R²
5.54053987953175,2.5719915968478606,0.4617990360436055
