RMSE,MAE,R²
5.409420461778412,2.512163510344495,0.48697115985639317
