MAE,RMSE,R²
0.17328583157725666,1.6715473382285493,0.9531981794544544
