RMSE,MAE,R²
5.47327496646938,2.55156921177271,0.47478776509541376
