Dataset,MAE,RMSE,R²
Base,0.17759173142349016,1.8746489480904567,0.9411338962690715
Graph,0.21503340691133788,1.9200998720758857,0.9382448723497252
